,IntOrders_id,IntShip_id,quantity,placed_when,actual_date,expected_date,cost,status,prod_id
0,6266,6224,438,1975-01-08,Unknown,1975-02-01,1506207.54,Out For Delivery,731
1,5318,6798,801,2021-01-18,2021-02-07 00:00:00,2021-01-29,2474032.6799999997,Delayed,911
2,2439,8796,882,1978-07-09,Unknown,1978-07-28,1789727.9400000002,Out For Delivery,679
3,1851,4895,220,2002-12-28,Unknown,2003-01-22,1186114.6,Out For Delivery,545
4,9800,3996,399,1975-10-06,Unknown,1975-10-29,1953587.79,Out For Delivery,740
5,5348,3541,809,1978-12-31,1979-01-30 00:00:00,1979-01-24,29755.02,Delayed,338
6,4034,5161,347,1998-12-26,Unknown,1999-01-06,3140880.91,Out For Delivery,242
7,4939,5797,819,1970-01-23,Unknown,1970-02-18,464766.12,Out For Delivery,103
8,5668,8796,232,1997-06-22,1997-07-20 00:00:00,1997-07-16,470767.44,Delayed,679
9,8787,6627,572,2009-02-14,2009-03-09 00:00:00,2009-03-02,1532.96,Delayed,938
10,1084,7027,784,1999-04-03,1999-04-27 00:00:00,1999-04-16,6778268.0,Delayed,320
11,4212,8965,372,2004-10-23,2004-11-08 00:00:00,2004-11-16,2760.24,Closed,930
12,6448,3632,712,2005-09-16,2005-10-02 00:00:00,2005-10-02,6155774.0,Closed,320
13,2301,2914,326,2004-12-11,Unknown,2004-12-22,51318.92,Out For Delivery,783
14,9236,7027,638,2017-09-27,2017-10-27 00:00:00,2017-10-20,5515988.5,Delayed,320
15,9930,7072,202,1997-09-25,Unknown,1997-10-19,1228220.6,Out For Delivery,742
16,6575,3477,900,1971-04-16,1971-05-15 00:00:00,1971-05-10,6957.0,Delayed,582
17,9229,4885,852,1976-02-19,Unknown,1976-03-18,6096886.44,Out For Delivery,446
18,7572,4496,544,2018-06-02,Unknown,2018-06-26,470511.04,Out For Delivery,139
19,8229,1548,199,1986-04-04,Unknown,1986-04-23,1424038.03,Out For Delivery,446
20,7029,7864,885,1996-12-20,Unknown,1997-01-07,2371.8,Out For Delivery,938
21,6047,6881,823,2000-07-02,2000-07-23 00:00:00,2000-07-25,74547.34,Closed,418
22,9091,1571,755,1978-12-31,1979-01-30 00:00:00,1979-01-10,2536.7999999999997,Delayed,177
23,3550,7072,958,2014-03-13,2014-03-28 00:00:00,2014-03-23,1504.0600000000002,Delayed,553
24,7962,5797,932,2012-04-18,2012-05-08 00:00:00,2012-05-01,528891.36,Delayed,103
25,1548,8990,290,2004-06-19,Unknown,2004-07-07,25035.7,Out For Delivery,473
26,5228,1610,211,1995-07-30,1995-08-15 00:00:00,1995-08-25,1565.62,Closed,930
27,5094,3916,255,1990-01-10,Unknown,1990-01-30,2091453.9000000001,Out For Delivery,786
28,6181,9492,826,1986-09-29,Unknown,1986-10-13,396405.66000000003,Out For Delivery,560
29,2751,2663,734,2008-09-26,2008-10-13 00:00:00,2008-10-13,5673.820000000001,Closed,582
30,4655,4462,442,2017-12-21,2018-01-17 00:00:00,2018-01-03,123264.95999999999,Delayed,318
31,5174,4895,758,1999-12-05,1999-12-26 00:00:00,1999-12-20,3931586.82,Delayed,108
32,6804,2732,716,2017-08-08,2017-09-03 00:00:00,2017-08-19,1524521.5199999998,Delayed,149
33,8765,5671,523,2018-05-18,2018-06-11 00:00:00,2018-06-08,26625.929999999997,Delayed,519
34,2726,4462,900,2010-11-26,2010-12-22 00:00:00,2010-12-17,4406589.0,Delayed,740
35,9909,2933,235,2014-06-11,2014-07-11 00:00:00,2014-06-28,10335.3,Delayed,140
36,1690,5555,441,1989-05-14,1989-05-25 00:00:00,1989-05-28,726684.21,Closed,238
37,8993,2933,823,2001-08-01,Unknown,2001-08-14,2205.6400000000003,Out For Delivery,938
38,5603,4334,729,2020-04-20,2020-05-02 00:00:00,2020-05-18,6370519.589999999,Closed,483
39,8197,9700,771,1972-06-23,Unknown,1972-07-10,33908.579999999994,Out For Delivery,140
40,9185,8598,469,2016-09-20,2016-10-16 00:00:00,2016-10-13,2978.1499999999996,Delayed,791
41,7965,7281,259,2015-07-26,2015-08-13 00:00:00,2015-08-08,1343378.61,Delayed,108
42,3273,4462,414,2003-03-01,2003-03-20 00:00:00,2003-03-30,4078665.9000000004,Closed,781
43,5047,1610,389,1973-11-01,Unknown,1973-11-19,2886.38,Out For Delivery,930
44,5886,4462,106,2005-06-09,Unknown,2005-06-29,49277.28,Out For Delivery,534
45,8847,1548,525,2007-02-09,2007-03-01 00:00:00,2007-02-24,3756884.25,Delayed,446
46,9933,3000,828,1993-05-08,1993-05-30 00:00:00,1993-06-01,2163696.48,Closed,952
47,9936,9411,980,1993-05-08,1993-05-30 00:00:00,1993-06-01,133966.0,Closed,827
48,9937,7182,619,1993-05-08,1993-05-30 00:00:00,1993-06-01,58582.16,Closed,787
49,9939,1983,230,1993-05-08,1993-05-30 00:00:00,1993-06-01,2009903.2999999998,Closed,483
50,9941,4227,887,1993-05-08,1993-05-30 00:00:00,1993-06-01,91653.70999999999,Closed,576
51,9943,2748,386,1993-05-08,1993-05-30 00:00:00,1993-06-01,3771.22,Closed,701
52,9944,9470,862,1993-05-08,1993-05-30 00:00:00,1993-06-01,4471012.9799999995,Closed,108
53,9947,2035,931,1993-05-08,1993-05-30 00:00:00,1993-06-01,8271720.87,Closed,641
54,9950,1945,515,1993-05-08,1993-05-30 00:00:00,1993-06-01,49543.0,Closed,248
55,9951,8258,788,1993-05-08,1993-05-30 00:00:00,1993-06-01,6950309.720000001,Closed,772
56,9952,4906,956,1993-05-08,1993-05-30 00:00:00,1993-06-01,7475.92,Closed,804
57,9953,2906,491,1993-05-08,1993-05-30 00:00:00,1993-06-01,302907.72,Closed,831
58,9957,8070,791,1993-05-08,1993-05-30 00:00:00,1993-06-01,6747791.609999999,Closed,835
59,9962,2199,517,1993-05-08,1993-05-30 00:00:00,1993-06-01,55520.63,Closed,316
60,9965,9995,653,1993-05-08,1993-05-30 00:00:00,1993-06-01,8893.859999999999,Closed,801
61,9966,9996,121,1993-05-08,1993-05-30 00:00:00,1993-06-01,851944.0599999999,Closed,990
62,9967,9997,874,1993-05-08,1993-05-30 00:00:00,1993-06-01,5549.9,Closed,791
63,9968,9998,298,1993-05-08,1993-05-30 00:00:00,1993-06-01,1589391.94,Closed,363
64,9969,9999,310,1993-05-08,1993-05-30 00:00:00,1993-06-01,1280.3,Closed,661
65,9970,10000,863,1993-05-08,1993-05-30 00:00:00,1993-06-01,401191.44,Closed,534
66,9971,10001,821,1993-05-08,1993-05-30 00:00:00,1993-06-01,68840.84999999999,Closed,856
67,9972,10002,188,1993-05-08,1993-05-30 00:00:00,1993-06-01,1573.56,Closed,748
68,9973,10003,497,1993-05-08,1993-05-30 00:00:00,1993-06-01,2857.75,Closed,457
69,9974,10004,687,1993-05-08,1993-05-30 00:00:00,1993-06-01,3703912.41,Closed,545
70,9975,10005,236,1993-05-08,1993-05-30 00:00:00,1993-06-01,811563.88,Closed,731
71,9976,10006,309,1993-05-08,1993-05-30 00:00:00,1993-06-01,954402.12,Closed,911
72,9977,10007,252,1993-05-08,1993-05-30 00:00:00,1993-06-01,33445.44,Closed,195
73,9978,10008,666,1993-05-08,1993-05-30 00:00:00,1993-06-01,2750.58,Closed,661
74,9979,10009,325,1993-05-08,1993-05-30 00:00:00,1993-06-01,2866561.75,Closed,772
75,9980,10010,60,1993-05-08,1993-05-30 00:00:00,1993-06-01,366.6,Closed,343
76,9981,10011,979,1993-05-08,1993-05-30 00:00:00,1993-06-01,5077867.41,Closed,108
77,9982,10012,992,1993-05-08,1993-05-30 00:00:00,1993-06-01,34293.44,Closed,551
78,9983,10013,656,1993-05-08,1993-05-30 00:00:00,1993-06-01,5643850.08,Closed,616
79,9984,10014,107,1993-05-08,1993-05-30 00:00:00,1993-06-01,209.72,Closed,571
80,9985,10015,459,1993-05-08,1993-05-30 00:00:00,1993-06-01,3548.07,Closed,582
81,9986,10016,811,1993-05-08,1993-05-30 00:00:00,1993-06-01,377017.68,Closed,534
82,9987,10017,716,1993-05-08,1993-05-30 00:00:00,1993-06-01,3265232.08,Closed,281
83,9988,10018,424,1993-05-08,1993-05-30 00:00:00,1993-06-01,1751.12,Closed,661
84,9989,10019,211,1993-05-08,1993-05-30 00:00:00,1993-06-01,423238.56999999995,Closed,773
85,9990,10020,554,1993-05-08,1993-05-30 00:00:00,1993-06-01,1179587.88,Closed,149
86,9991,10021,705,1993-05-08,1993-05-30 00:00:00,1993-06-01,6014150.55,Closed,835
87,9992,10022,107,1993-05-08,1993-05-30 00:00:00,1993-06-01,1457.34,Closed,801
88,9993,10023,445,1993-05-08,1993-05-30 00:00:00,1993-06-01,40308.1,Closed,418
89,9994,10024,880,1993-05-08,1993-05-30 00:00:00,1993-06-01,2299580.8,Closed,952
90,9995,10025,824,1993-05-08,1993-05-30 00:00:00,1993-06-01,6369.52,Closed,582
91,9996,10026,104,1993-05-08,1993-05-30 00:00:00,1993-06-01,894756.72,Closed,616
92,9997,10027,863,1993-05-08,1993-05-30 00:00:00,1993-06-01,3935607.94,Closed,281
93,9998,10028,810,1993-05-08,1993-05-30 00:00:00,1993-06-01,110726.99999999999,Closed,827
94,9999,10029,510,1993-05-08,1993-05-30 00:00:00,1993-06-01,4456742.1,Closed,483
95,10000,10030,756,1993-05-08,1993-05-30 00:00:00,1993-06-01,1186.92,Closed,553
96,10001,10031,953,1993-05-08,1993-05-30 00:00:00,1993-06-01,642550.72,Closed,858
97,10002,10032,592,1993-05-08,1993-05-30 00:00:00,1993-06-01,4955.04,Closed,748
98,10003,10033,933,1993-05-08,1993-05-30 00:00:00,1993-06-01,1986562.2599999998,Closed,149
99,10004,10034,129,1993-05-08,1993-05-30 00:00:00,1993-06-01,11136.57,Closed,473
100,10005,10035,944,1993-05-08,1993-05-30 00:00:00,1993-06-01,583986.72,Closed,285
101,10006,10036,914,1993-05-08,1993-05-30 00:00:00,1993-06-01,5803.9,Closed,791
102,10007,10037,562,1993-05-08,1993-05-30 00:00:00,1993-06-01,1101.52,Closed,571
103,10008,10038,229,1993-05-08,1993-05-30 00:00:00,1993-06-01,1316.75,Closed,457
104,10009,10039,532,1993-05-08,1993-05-30 00:00:00,1993-06-01,4112.360000000001,Closed,582
105,10010,10040,676,1993-05-08,1993-05-30 00:00:00,1993-06-01,2271.36,Closed,177
106,10011,10041,349,1993-05-08,1993-05-30 00:00:00,1993-06-01,36062.17,Closed,576
107,10012,10042,61,1993-05-08,1993-05-30 00:00:00,1993-06-01,520373.30999999994,Closed,835
108,10013,10043,994,1993-05-08,1993-05-30 00:00:00,1993-06-01,5301528.819999999,Closed,363
109,10014,10044,967,1993-05-08,1993-05-30 00:00:00,1993-06-01,8249196.569999999,Closed,835
110,10015,10045,583,1993-05-08,1993-05-30 00:00:00,1993-06-01,2407.79,Closed,661
111,10016,10046,162,1993-05-08,1993-05-30 00:00:00,1993-06-01,1179055.44,Closed,160
112,10017,10047,495,1993-05-08,1993-05-30 00:00:00,1993-06-01,4258697.850000001,Closed,616
113,10018,10048,36,1993-05-08,1993-05-30 00:00:00,1993-06-01,96.48,Closed,938
114,10019,10049,52,1993-05-08,1993-05-30 00:00:00,1993-06-01,2451.28,Closed,549
115,10020,10050,222,1993-05-08,1993-05-30 00:00:00,1993-06-01,1184043.66,Closed,363
116,10021,10051,672,1993-05-08,1993-05-30 00:00:00,1993-06-01,1430835.8399999999,Closed,149
117,10022,10052,415,1993-05-08,1993-05-30 00:00:00,1993-06-01,3079.3,Closed,930
118,10023,10053,978,1993-05-08,1993-05-30 00:00:00,1993-06-01,5946533.4,Closed,742
119,10024,10054,412,1993-05-08,1993-05-30 00:00:00,1993-06-01,3221.84,Closed,804
120,10025,10055,331,1993-05-08,1993-05-30 00:00:00,1993-06-01,1716827.49,Closed,108
121,10026,10056,606,1993-05-08,1993-05-30 00:00:00,1993-06-01,169001.28,Closed,318
122,10027,10057,96,1993-05-08,1993-05-30 00:00:00,1993-06-01,868946.8800000001,Closed,242
123,10028,10058,743,1993-05-08,1993-05-30 00:00:00,1993-06-01,6492861.529999999,Closed,483
124,10029,10059,577,1993-05-08,1993-05-30 00:00:00,1993-06-01,3663.95,Closed,791
125,10030,10060,609,1993-05-08,1993-05-30 00:00:00,1993-06-01,4707.570000000001,Closed,582
126,10031,10061,544,1993-05-08,1993-05-30 00:00:00,1993-06-01,52332.8,Closed,248
127,10032,10062,297,1993-05-08,1993-05-30 00:00:00,1993-06-01,10267.29,Closed,551
128,10033,10063,794,1993-05-08,1993-05-30 00:00:00,1993-06-01,82044.02,Closed,576
129,10034,10064,503,1993-05-08,1993-05-30 00:00:00,1993-06-01,2293871.14,Closed,281
130,10035,10065,105,1993-05-08,1993-05-30 00:00:00,1993-06-01,48812.4,Closed,534
131,10036,10066,710,1993-05-08,1993-05-30 00:00:00,1993-06-01,402910.8,Closed,103
132,10037,10067,145,1993-05-08,1993-05-30 00:00:00,1993-06-01,82104.8,Closed,933
133,10038,10068,777,1993-05-08,1993-05-30 00:00:00,1993-06-01,3209.0099999999998,Closed,661
134,10039,10069,453,1993-05-08,1993-05-30 00:00:00,1993-06-01,964536.6599999999,Closed,149
135,10040,10070,781,1993-05-08,1993-05-30 00:00:00,1993-06-01,991.87,Closed,812
136,10041,10071,89,1993-05-08,1993-05-30 00:00:00,1993-06-01,7702.06,Closed,675
137,10042,10072,388,1993-05-08,1993-05-30 00:00:00,1993-06-01,2099.08,Closed,634
138,10043,10073,38,1993-05-08,1993-05-30 00:00:00,1993-06-01,32866.58,Closed,139
139,10044,10074,204,1993-05-08,1993-05-30 00:00:00,1993-06-01,5144.88,Closed,901
140,10045,10075,409,1993-05-08,1993-05-30 00:00:00,1993-06-01,3423.3299999999995,Closed,748
141,10046,10076,973,1993-05-08,1993-05-30 00:00:00,1993-06-01,81586.04999999999,Closed,856
142,10047,10077,261,1993-05-08,1993-05-30 00:00:00,1993-06-01,35678.7,Closed,827
143,10048,10078,11,1993-05-08,1993-05-30 00:00:00,1993-06-01,53858.31,Closed,740
144,10049,10079,929,1993-05-08,1993-05-30 00:00:00,1993-06-01,3864.6400000000003,Closed,254
145,10050,10080,567,1993-05-08,1993-05-30 00:00:00,1993-06-01,321761.16000000003,Closed,103
146,10051,10081,500,1993-05-08,1993-05-30 00:00:00,1993-06-01,1002935.0,Closed,773
147,10052,10082,816,1993-05-08,1993-05-30 00:00:00,1993-06-01,3370.08,Closed,661
148,10053,10083,896,1993-05-08,1993-05-30 00:00:00,1993-06-01,6648.32,Closed,930
149,10054,10084,4,1993-05-08,1993-05-30 00:00:00,1993-06-01,546.8,Closed,827
150,10055,10085,130,1993-05-08,1993-05-30 00:00:00,1993-06-01,60434.4,Closed,534
151,10056,10086,738,1993-05-08,1993-05-30 00:00:00,1993-06-01,1446.48,Closed,571
152,10057,10087,169,1993-05-08,1993-05-30 00:00:00,1993-06-01,1453979.6700000002,Closed,616
153,10058,10088,81,1993-05-08,1993-05-30 00:00:00,1993-06-01,38872.71,Closed,560
154,10059,10089,234,1993-05-08,1993-05-30 00:00:00,1993-06-01,469373.57999999996,Closed,773
155,10060,10090,444,1993-05-08,1993-05-30 00:00:00,1993-06-01,1160243.04,Closed,952
156,10061,10091,396,1993-05-08,1993-05-30 00:00:00,1993-06-01,3100.68,Closed,335
157,10062,10092,698,1993-05-08,1993-05-30 00:00:00,1993-06-01,67147.6,Closed,248
158,10063,10093,3,1993-05-08,1993-05-30 00:00:00,1993-06-01,1698.72,Closed,933
159,10064,10094,876,1993-05-08,1993-05-30 00:00:00,1993-06-01,8231220.120000001,Closed,752
160,10065,10095,818,1993-05-08,1993-05-30 00:00:00,1993-06-01,504640.55999999994,Closed,831
161,10066,10096,904,1993-05-08,1993-05-30 00:00:00,1993-06-01,3760.6400000000003,Closed,254
162,10067,10097,38,1993-05-08,1993-05-30 00:00:00,1993-06-01,904.4,Closed,125
163,10068,10098,282,1993-05-08,1993-05-30 00:00:00,1993-06-01,22836.36,Closed,225
164,10069,10099,393,1993-05-08,1993-05-30 00:00:00,1993-06-01,188604.63,Closed,560
165,10070,10100,386,1993-05-08,1993-05-30 00:00:00,1993-06-01,179443.68,Closed,534
166,10071,10101,520,1993-05-08,1993-05-30 00:00:00,1993-06-01,4586498.8,Closed,772
167,10072,10102,588,1993-05-08,1993-05-30 00:00:00,1993-06-01,4545.240000000001,Closed,582
168,10073,10103,730,1993-05-08,1993-05-30 00:00:00,1993-06-01,99790.99999999999,Closed,827
169,10074,10104,668,1993-05-08,1993-05-30 00:00:00,1993-06-01,71736.52,Closed,316
170,10075,10105,862,1993-05-08,1993-05-30 00:00:00,1993-06-01,6168446.140000001,Closed,446
171,10076,10106,286,1993-05-08,1993-05-30 00:00:00,1993-06-01,1816.1,Closed,791
172,10077,10107,142,1993-05-08,1993-05-30 00:00:00,1993-06-01,278.32,Closed,571
173,10078,10108,684,1993-05-08,1993-05-30 00:00:00,1993-06-01,64733.76,Closed,787
174,10079,10109,221,1993-05-08,1993-05-30 00:00:00,1993-06-01,34789.82,Closed,783
175,10080,10110,634,1993-05-08,1993-05-30 00:00:00,1993-06-01,805.1800000000001,Closed,812
176,10081,10111,64,1993-05-08,1993-05-30 00:00:00,1993-06-01,3016.96,Closed,549
177,10082,10112,583,1993-05-08,1993-05-30 00:00:00,1993-06-01,4325.86,Closed,930
178,10083,10113,108,1993-05-08,1993-05-30 00:00:00,1993-06-01,212558.04,Closed,533
179,10084,10114,466,1993-05-08,1993-05-30 00:00:00,1993-06-01,11090.800000000001,Closed,125
180,10085,10115,219,1993-05-08,1993-05-30 00:00:00,1993-06-01,1982285.07,Closed,242
181,10086,10116,877,1993-05-08,1993-05-30 00:00:00,1993-06-01,2350.36,Closed,938
182,10087,10117,250,1993-05-08,1993-05-30 00:00:00,1993-06-01,1788992.5,Closed,446
183,10088,10118,741,1993-05-08,1993-05-30 00:00:00,1993-06-01,315125.07,Closed,976
184,10089,10119,41,1993-05-08,1993-05-30 00:00:00,1993-06-01,2899.1099999999997,Closed,897
185,10090,10120,988,1993-05-08,1993-05-30 00:00:00,1993-06-01,275533.44,Closed,318
186,10091,10121,586,1993-05-08,1993-05-30 00:00:00,1993-06-01,127859.34,Closed,977
187,10092,10122,685,1993-05-08,1993-05-30 00:00:00,1993-06-01,5922338.75,Closed,320
188,10093,10123,226,1993-05-08,1993-05-30 00:00:00,1993-06-01,129846.04,Closed,358
189,10094,10124,930,1993-05-08,1993-05-30 00:00:00,1993-06-01,23454.6,Closed,901
190,10095,10125,933,1993-05-08,1993-05-30 00:00:00,1993-06-01,5030204.19,Closed,545
191,10096,10126,737,1993-05-08,1993-05-30 00:00:00,1993-06-01,10037.939999999999,Closed,801
192,10097,10127,151,1993-05-08,1993-05-30 00:00:00,1993-06-01,72466.41,Closed,560
193,10098,10128,811,1993-05-08,1993-05-30 00:00:00,1993-06-01,4387.51,Closed,634
194,10099,10129,188,1993-05-08,1993-05-30 00:00:00,1993-06-01,646500.04,Closed,731
195,10100,10130,52,1993-05-08,1993-05-30 00:00:00,1993-06-01,454412.9199999999,Closed,483
196,10101,10131,222,1993-05-08,1993-05-30 00:00:00,1993-06-01,841.38,Closed,472
197,10102,10132,616,1993-05-08,1993-05-30 00:00:00,1993-06-01,51651.6,Closed,856
198,10103,10133,611,1993-05-08,1993-05-30 00:00:00,1993-06-01,31106.01,Closed,519
199,10104,10134,613,1993-05-08,1993-05-30 00:00:00,1993-06-01,1243881.21,Closed,679
200,10105,10135,121,1993-05-08,1993-05-30 00:00:00,1993-06-01,242710.27,Closed,773
201,10106,10136,79,1993-05-08,1993-05-30 00:00:00,1993-06-01,425922.97000000003,Closed,545
202,10107,10137,756,1993-05-08,1993-05-30 00:00:00,1993-06-01,71547.84,Closed,787
203,10108,10138,669,1993-05-08,1993-05-30 00:00:00,1993-06-01,91452.29999999999,Closed,827
204,10109,10139,375,1993-05-08,1993-05-30 00:00:00,1993-06-01,2381.25,Closed,791
205,10110,10140,699,1993-05-08,1993-05-30 00:00:00,1993-06-01,4921561.14,Closed,990
206,10111,10141,448,1993-05-08,1993-05-30 00:00:00,1993-06-01,38769.920000000006,Closed,675
207,10112,10142,307,1993-05-08,1993-05-30 00:00:00,1993-06-01,604215.91,Closed,533
208,10113,10143,847,1993-05-08,1993-05-30 00:00:00,1993-06-01,1698971.89,Closed,773
209,10114,10144,836,1993-05-08,1993-05-30 00:00:00,1993-06-01,3812477.68,Closed,281
210,10115,10145,561,1993-05-08,1993-05-30 00:00:00,1993-06-01,2333.76,Closed,254
211,10116,10146,261,1993-05-08,1993-05-30 00:00:00,1993-06-01,9599.58,Closed,338
212,10117,10147,366,1993-05-08,1993-05-30 00:00:00,1993-06-01,3575.8199999999997,Closed,701
213,10118,10148,663,1993-05-08,1993-05-30 00:00:00,1993-06-01,1776.8400000000001,Closed,938
214,10119,10149,580,1993-05-08,1993-05-30 00:00:00,1993-06-01,4483.400000000001,Closed,582
215,10120,10150,221,1993-05-08,1993-05-30 00:00:00,1993-06-01,868147.67,Closed,166
216,10121,10151,983,1993-05-08,1993-05-30 00:00:00,1993-06-01,456977.04,Closed,534
217,10122,10152,527,1993-05-08,1993-05-30 00:00:00,1993-06-01,1770.72,Closed,177
218,10123,10153,58,1993-05-08,1993-05-30 00:00:00,1993-06-01,475703.24000000005,Closed,786
219,10124,10154,761,1993-05-08,1993-05-30 00:00:00,1993-06-01,1253983.41,Closed,238
220,10125,10155,642,1993-05-08,1993-05-30 00:00:00,1993-06-01,273023.33999999997,Closed,976
221,10126,10156,464,1993-05-08,1993-05-30 00:00:00,1993-06-01,2406670.56,Closed,108
222,10127,10157,415,1993-05-08,1993-05-30 00:00:00,1993-06-01,883626.2999999999,Closed,149
223,10128,10158,464,1993-05-08,1993-05-30 00:00:00,1993-06-01,40057.12,Closed,473
224,10129,10159,649,1993-05-08,1993-05-30 00:00:00,1993-06-01,5016.77,Closed,582
225,10130,10160,835,1993-05-08,1993-05-30 00:00:00,1993-06-01,114144.49999999999,Closed,827
226,10131,10161,950,1993-05-08,1993-05-30 00:00:00,1993-06-01,8301774.499999999,Closed,483
227,10132,10162,902,1993-05-08,1993-05-30 00:00:00,1993-06-01,7398005.5600000005,Closed,786
228,10133,10163,901,1993-05-08,1993-05-30 00:00:00,1993-06-01,555844.9199999999,Closed,831
229,10134,10164,800,1993-05-08,1993-05-30 00:00:00,1993-06-01,37712.0,Closed,549
230,10135,10165,697,1993-05-08,1993-05-30 00:00:00,1993-06-01,4425.95,Closed,791
231,10136,10166,552,1993-05-08,1993-05-30 00:00:00,1993-06-01,7518.24,Closed,801
232,10137,10167,279,1993-05-08,1993-05-30 00:00:00,1993-06-01,549108.27,Closed,533
233,10138,10168,67,1993-05-08,1993-05-30 00:00:00,1993-06-01,110403.26999999999,Closed,238
234,10139,10169,33,1993-05-08,1993-05-30 00:00:00,1993-06-01,255.09,Closed,582
235,10140,10170,414,1993-05-08,1993-05-30 00:00:00,1993-06-01,1912506.1199999999,Closed,259
236,10141,10171,115,1993-05-08,1993-05-30 00:00:00,1993-06-01,699234.5,Closed,742
237,10142,10172,484,1993-05-08,1993-05-30 00:00:00,1993-06-01,948.64,Closed,571
238,10143,10173,990,1993-05-08,1993-05-30 00:00:00,1993-06-01,568794.6,Closed,358
239,10144,10174,130,1993-05-08,1993-05-30 00:00:00,1993-06-01,1280740.5,Closed,781
240,10145,10175,291,1993-05-08,1993-05-30 00:00:00,1993-06-01,25183.140000000003,Closed,675
241,10146,10176,999,1993-05-08,1993-05-30 00:00:00,1993-06-01,2610546.84,Closed,952
242,10147,10177,344,1993-05-08,1993-05-30 00:00:00,1993-06-01,29769.760000000002,Closed,675
243,10148,10178,447,1993-05-08,1993-05-30 00:00:00,1993-06-01,48003.33,Closed,316
244,10149,10179,978,1993-05-08,1993-05-30 00:00:00,1993-06-01,8546458.379999999,Closed,483
245,10150,10180,103,1993-05-08,1993-05-30 00:00:00,1993-06-01,22473.57,Closed,977
246,10151,10181,409,1993-05-08,1993-05-30 00:00:00,1993-06-01,275764.16000000003,Closed,858
247,10152,10182,201,1993-05-08,1993-05-30 00:00:00,1993-06-01,27476.699999999997,Closed,827
248,10153,10183,702,1993-05-08,1993-05-30 00:00:00,1993-06-01,398370.96,Closed,103
249,10154,10184,378,1993-05-08,1993-05-30 00:00:00,1993-06-01,758218.86,Closed,773
250,10155,10185,624,1993-05-08,1993-05-30 00:00:00,1993-06-01,3328122.7199999997,Closed,363
251,10156,10186,237,1993-05-08,1993-05-30 00:00:00,1993-06-01,2090385.03,Closed,772
252,10157,10187,478,1993-05-08,1993-05-30 00:00:00,1993-06-01,133304.63999999998,Closed,318
253,10158,10188,764,1993-05-08,1993-05-30 00:00:00,1993-06-01,1550285.8800000001,Closed,679
254,10159,10189,861,1993-05-08,1993-05-30 00:00:00,1993-06-01,7594183.590000001,Closed,772
255,10160,10190,96,1993-05-08,1993-05-30 00:00:00,1993-06-01,517577.28,Closed,545
256,10161,10191,872,1993-05-08,1993-05-30 00:00:00,1993-06-01,21991.84,Closed,901
257,10162,10192,472,1993-05-08,1993-05-30 00:00:00,1993-06-01,928957.3600000001,Closed,533
258,10163,10193,248,1993-05-08,1993-05-30 00:00:00,1993-06-01,2244779.44,Closed,242
259,10164,10194,773,1993-05-08,1993-05-30 00:00:00,1993-06-01,359352.24,Closed,534
260,10165,10195,556,1993-05-08,1993-05-30 00:00:00,1993-06-01,3007.96,Closed,634
261,10166,10196,16,1993-05-08,1993-05-30 00:00:00,1993-06-01,270.56,Closed,728
262,10167,10197,70,1993-05-08,1993-05-30 00:00:00,1993-06-01,373347.1,Closed,363
263,10168,10198,614,1993-05-08,1993-05-30 00:00:00,1993-06-01,8362.68,Closed,801
264,10169,10199,556,1993-05-08,1993-05-30 00:00:00,1993-06-01,1452916.96,Closed,952
265,10170,10200,436,1993-05-08,1993-05-30 00:00:00,1993-06-01,39492.88,Closed,418
266,10171,10201,396,1993-05-08,1993-05-30 00:00:00,1993-06-01,5393.5199999999995,Closed,801
267,10172,10202,122,1993-05-08,1993-05-30 00:00:00,1993-06-01,701.5,Closed,457
268,10173,10203,189,1993-05-08,1993-05-30 00:00:00,1993-06-01,4766.58,Closed,901
269,10174,10204,276,1993-05-08,1993-05-30 00:00:00,1993-06-01,2310.12,Closed,748
270,10175,10205,292,1993-05-08,1993-05-30 00:00:00,1993-06-01,28090.4,Closed,248
271,10176,10206,739,1993-05-08,1993-05-30 00:00:00,1993-06-01,418451.36,Closed,933
272,10177,10207,442,1993-05-08,1993-05-30 00:00:00,1993-06-01,187969.34,Closed,976
273,10178,10208,80,1993-05-08,1993-05-30 00:00:00,1993-06-01,170337.59999999998,Closed,149
274,10179,10209,941,1993-05-08,1993-05-30 00:00:00,1993-06-01,3914.56,Closed,254
275,10180,10210,329,1993-05-08,1993-05-30 00:00:00,1993-06-01,7830.2,Closed,125
276,10181,10211,713,1993-05-08,1993-05-30 00:00:00,1993-06-01,55970.5,Closed,270
277,10182,10212,651,1993-05-08,1993-05-30 00:00:00,1993-06-01,3743.25,Closed,457
278,10183,10213,378,1993-05-08,1993-05-30 00:00:00,1993-06-01,51672.6,Closed,827
279,10184,10214,920,1993-05-08,1993-05-30 00:00:00,1993-06-01,8114574.800000001,Closed,772
280,10185,10215,614,1993-05-08,1993-05-30 00:00:00,1993-06-01,1307341.0799999998,Closed,149
281,10186,10216,90,1993-05-08,1993-05-30 00:00:00,1993-06-01,410434.2,Closed,281
282,10187,10217,284,1993-05-08,1993-05-30 00:00:00,1993-06-01,2481793.6399999997,Closed,483
283,10188,10218,619,1993-05-08,1993-05-30 00:00:00,1993-06-01,29179.66,Closed,549
284,10189,10219,476,1993-05-08,1993-05-30 00:00:00,1993-06-01,320938.24,Closed,858
285,10190,10220,976,1993-05-08,1993-05-30 00:00:00,1993-06-01,5205525.279999999,Closed,363
286,10191,10221,794,1993-05-08,1993-05-30 00:00:00,1993-06-01,5778827.28,Closed,160
287,10192,10222,535,1993-05-08,1993-05-30 00:00:00,1993-06-01,3252960.5,Closed,742
288,10193,10223,452,1993-05-08,1993-05-30 00:00:00,1993-06-01,2445.32,Closed,634
289,10194,10224,273,1993-05-08,1993-05-30 00:00:00,1993-06-01,547602.51,Closed,773
290,10195,10225,486,1993-05-08,1993-05-30 00:00:00,1993-06-01,299823.12,Closed,831
291,10196,10226,717,1993-05-08,1993-05-30 00:00:00,1993-06-01,5614.11,Closed,335
292,10197,10227,818,1993-05-08,1993-05-30 00:00:00,1993-06-01,74094.44,Closed,418
293,10198,10228,647,1993-05-08,1993-05-30 00:00:00,1993-06-01,4108.45,Closed,791
294,10199,10229,159,1993-05-08,1993-05-30 00:00:00,1993-06-01,262001.78999999998,Closed,238
295,10200,10230,946,1993-05-08,1993-05-30 00:00:00,1993-06-01,32703.22,Closed,551
296,10201,10231,361,1993-05-08,1993-05-30 00:00:00,1993-06-01,1872431.19,Closed,108
297,10202,10232,707,1993-05-08,1993-05-30 00:00:00,1993-06-01,339296.37,Closed,560
298,10203,10233,409,1993-05-08,1993-05-30 00:00:00,1993-06-01,2351.75,Closed,457
299,10204,10234,251,1993-05-08,1993-05-30 00:00:00,1993-06-01,1338716.03,Closed,363
300,10205,10235,361,1993-05-08,1993-05-30 00:00:00,1993-06-01,594859.41,Closed,238
301,10206,10236,823,1993-05-08,1993-05-30 00:00:00,1993-06-01,4437146.890000001,Closed,545
302,10207,10237,206,1993-05-08,1993-05-30 00:00:00,1993-06-01,692.16,Closed,177
303,10208,10238,138,1993-05-08,1993-05-30 00:00:00,1993-06-01,14259.539999999999,Closed,576
304,10209,10239,788,1993-05-08,1993-05-30 00:00:00,1993-06-01,7132605.640000001,Closed,242
305,10210,10240,579,1993-05-08,1993-05-30 00:00:00,1993-06-01,390384.96,Closed,858
306,10211,10241,799,1993-05-08,1993-05-30 00:00:00,1993-06-01,68977.67,Closed,473
307,10212,10242,335,1993-05-08,1993-05-30 00:00:00,1993-06-01,1812.3500000000001,Closed,634
308,10213,10243,229,1993-05-08,1993-05-30 00:00:00,1993-06-01,5775.38,Closed,901
309,10214,10244,155,1993-05-08,1993-05-30 00:00:00,1993-06-01,310909.85,Closed,773
310,10215,10245,461,1993-05-08,1993-05-30 00:00:00,1993-06-01,37331.78,Closed,225
311,10216,10246,369,1993-05-08,1993-05-30 00:00:00,1993-06-01,3278480.1300000004,Closed,641
312,10217,10247,318,1993-05-08,1993-05-30 00:00:00,1993-06-01,982200.24,Closed,911
313,10218,10248,466,1993-05-08,1993-05-30 00:00:00,1993-06-01,3602.1800000000003,Closed,582
314,10219,10249,961,1993-05-08,1993-05-30 00:00:00,1993-06-01,87047.38,Closed,418
315,10220,10250,13,1993-05-08,1993-05-30 00:00:00,1993-06-01,7377.24,Closed,103
316,10221,10251,779,1993-05-08,1993-05-30 00:00:00,1993-06-01,1658662.38,Closed,149
317,10222,10252,790,1993-05-08,1993-05-30 00:00:00,1993-06-01,5653216.3,Closed,446
318,10223,10253,851,1993-05-08,1993-05-30 00:00:00,1993-06-01,2223799.1599999997,Closed,952
319,10224,10254,347,1993-05-08,1993-05-30 00:00:00,1993-06-01,3390.19,Closed,701
320,10225,10255,992,1993-05-08,1993-05-30 00:00:00,1993-06-01,5348298.5600000005,Closed,545
321,10226,10256,954,1993-05-08,1993-05-30 00:00:00,1993-06-01,8138297.339999999,Closed,835
322,10227,10257,125,1993-05-08,1993-05-30 00:00:00,1993-06-01,1131441.25,Closed,242
323,10228,10258,327,1993-05-08,1993-05-30 00:00:00,1993-06-01,15902.01,Closed,291
324,10229,10259,729,1993-05-08,1993-05-30 00:00:00,1993-06-01,1552201.38,Closed,149
325,10230,10260,285,1993-05-08,1993-05-30 00:00:00,1993-06-01,2337507.3000000003,Closed,786
326,10231,10261,466,1993-05-08,1993-05-30 00:00:00,1993-06-01,205352.22,Closed,217
327,10232,10262,148,1993-05-08,1993-05-30 00:00:00,1993-06-01,41274.24,Closed,318
328,10233,10263,349,1993-05-08,1993-05-30 00:00:00,1993-06-01,37479.11,Closed,316
329,10234,10264,132,1993-05-08,1993-05-30 00:00:00,1993-06-01,20779.44,Closed,783
330,10235,10265,995,1993-05-08,1993-05-30 00:00:00,1993-06-01,102813.34999999999,Closed,576
331,10236,10266,698,1993-05-08,1993-05-30 00:00:00,1993-06-01,1368.08,Closed,571
332,10237,10267,458,1993-05-08,1993-05-30 00:00:00,1993-06-01,16845.24,Closed,338
333,10238,10268,656,1993-05-08,1993-05-30 00:00:00,1993-06-01,3398.08,Closed,854
334,10239,10269,776,1993-05-08,1993-05-30 00:00:00,1993-06-01,7645035.600000001,Closed,781
335,10240,10270,31,1993-05-08,1993-05-30 00:00:00,1993-06-01,167134.33000000002,Closed,545
336,10241,10271,100,1993-05-08,1993-05-30 00:00:00,1993-06-01,8633.0,Closed,473
337,10242,10272,132,1993-05-08,1993-05-30 00:00:00,1993-06-01,52081.92,Closed,862
338,10243,10273,661,1993-05-08,1993-05-30 00:00:00,1993-06-01,62557.04,Closed,787
339,10244,10274,514,1993-05-08,1993-05-30 00:00:00,1993-06-01,1031017.1799999999,Closed,773
340,10245,10275,492,1993-05-08,1993-05-30 00:00:00,1993-06-01,4371306.84,Closed,641
341,10246,10276,60,1993-05-08,1993-05-30 00:00:00,1993-06-01,543091.8,Closed,242
342,10247,10277,801,1993-05-08,1993-05-30 00:00:00,1993-06-01,2474032.6799999997,Closed,911
343,10248,10278,875,1993-05-08,1993-05-30 00:00:00,1993-06-01,6851.25,Closed,335
344,10249,10279,150,1993-05-08,1993-05-30 00:00:00,1993-06-01,515824.5,Closed,731
345,10250,10280,817,1993-05-08,1993-05-30 00:00:00,1993-06-01,178261.23,Closed,977
346,10251,10281,811,1993-05-08,1993-05-30 00:00:00,1993-06-01,6350.13,Closed,335
347,10252,10282,470,1993-05-08,1993-05-30 00:00:00,1993-06-01,1451679.5999999999,Closed,911
348,10253,10283,521,1993-05-08,1993-05-30 00:00:00,1993-06-01,3791900.52,Closed,160
349,10254,10284,869,1993-05-08,1993-05-30 00:00:00,1993-06-01,493140.12,Closed,103
350,10255,10285,188,1993-05-08,1993-05-30 00:00:00,1993-06-01,1701687.6400000001,Closed,242
351,10256,10286,83,1993-05-08,1993-05-30 00:00:00,1993-06-01,3912.62,Closed,549
352,10257,10287,141,1993-05-08,1993-05-30 00:00:00,1993-06-01,760191.63,Closed,545
353,10258,10288,951,1993-05-08,1993-05-30 00:00:00,1993-06-01,404431.76999999996,Closed,976
354,10259,10289,274,1993-05-08,1993-05-30 00:00:00,1993-06-01,28312.42,Closed,576
355,10260,10290,516,1993-05-08,1993-05-30 00:00:00,1993-06-01,4848526.920000001,Closed,752
356,10261,10291,845,1993-05-08,1993-05-30 00:00:00,1993-06-01,144097.85,Closed,950
357,10262,10292,622,1993-05-08,1993-05-30 00:00:00,1993-06-01,10518.02,Closed,728
358,10263,10293,112,1993-05-08,1993-05-30 00:00:00,1993-06-01,238472.63999999998,Closed,149
359,10264,10294,409,1993-05-08,1993-05-30 00:00:00,1993-06-01,2118.62,Closed,854
360,10265,10295,156,1993-05-08,1993-05-30 00:00:00,1993-06-01,88333.44,Closed,933
361,10266,10296,349,1993-05-08,1993-05-30 00:00:00,1993-06-01,215305.08,Closed,831
362,10267,10297,192,1993-05-08,1993-05-30 00:00:00,1993-06-01,1219.1999999999998,Closed,791
363,10268,10298,959,1993-05-08,1993-05-30 00:00:00,1993-06-01,3960.67,Closed,661
364,10269,10299,198,1993-05-08,1993-05-30 00:00:00,1993-06-01,1623952.4400000002,Closed,786
365,10270,10300,464,1993-05-08,1993-05-30 00:00:00,1993-06-01,1972.0,Closed,173
366,10271,10301,372,1993-05-08,1993-05-30 00:00:00,1993-06-01,1929485.88,Closed,108
367,10272,10302,407,1993-05-08,1993-05-30 00:00:00,1993-06-01,35136.31,Closed,473
368,10273,10303,255,1993-05-08,1993-05-30 00:00:00,1993-06-01,2249148.45,Closed,772
369,10274,10304,814,1993-05-08,1993-05-30 00:00:00,1993-06-01,65917.72,Closed,225
370,10275,10305,546,1993-05-08,1993-05-30 00:00:00,1993-06-01,4720579.5,Closed,320
371,10276,10306,387,1993-05-08,1993-05-30 00:00:00,1993-06-01,179908.56,Closed,534
372,10277,10307,698,1993-05-08,1993-05-30 00:00:00,1993-06-01,95416.59999999999,Closed,827
373,10278,10308,598,1993-05-08,1993-05-30 00:00:00,1993-06-01,46943.0,Closed,270
374,10279,10309,812,1993-05-08,1993-05-30 00:00:00,1993-06-01,4392.92,Closed,634
375,10280,10310,692,1993-05-08,1993-05-30 00:00:00,1993-06-01,48931.31999999999,Closed,897
376,10281,10311,955,1993-05-08,1993-05-30 00:00:00,1993-06-01,208371.45,Closed,977
377,10282,10312,384,1993-05-08,1993-05-30 00:00:00,1993-06-01,5230.08,Closed,801
378,10283,10313,465,1993-05-08,1993-05-30 00:00:00,1993-06-01,990087.2999999999,Closed,149
379,10284,10314,635,1993-05-08,1993-05-30 00:00:00,1993-06-01,68192.65,Closed,316
380,10285,10315,753,1993-05-08,1993-05-30 00:00:00,1993-06-01,5480424.36,Closed,160
381,10286,10316,54,1993-05-08,1993-05-30 00:00:00,1993-06-01,246260.52000000002,Closed,281
382,10287,10317,463,1993-05-08,1993-05-30 00:00:00,1993-06-01,183676.72999999998,Closed,312
383,10288,10318,858,1993-05-08,1993-05-30 00:00:00,1993-06-01,6139822.26,Closed,446
384,10289,10319,959,1993-05-08,1993-05-30 00:00:00,1993-06-01,8291274.25,Closed,320
385,10290,10320,851,1993-05-08,1993-05-30 00:00:00,1993-06-01,2280.6800000000003,Closed,938
386,10291,10321,113,1993-05-08,1993-05-30 00:00:00,1993-06-01,585.3399999999999,Closed,854
387,10292,10322,25,1993-05-08,1993-05-30 00:00:00,1993-06-01,222119.25,Closed,641
388,10293,10323,25,1993-05-08,1993-05-30 00:00:00,1993-06-01,205044.50000000003,Closed,786
389,10294,10324,257,1993-05-08,1993-05-30 00:00:00,1993-06-01,26555.81,Closed,576
390,10295,10325,502,1993-05-08,1993-05-30 00:00:00,1993-06-01,4716977.74,Closed,752
391,10296,10326,959,1993-05-08,1993-05-30 00:00:00,1993-06-01,8680417.270000001,Closed,242
392,10297,10327,913,1993-05-08,1993-05-30 00:00:00,1993-06-01,64558.229999999996,Closed,897
393,10298,10328,256,1993-05-08,1993-05-30 00:00:00,1993-06-01,6456.32,Closed,901
394,10299,10329,352,1993-05-08,1993-05-30 00:00:00,1993-06-01,3002809.92,Closed,835
395,10300,10330,85,1993-05-08,1993-05-30 00:00:00,1993-06-01,8783.05,Closed,576
396,10301,10331,573,1993-05-08,1993-05-30 00:00:00,1993-06-01,3099.9300000000003,Closed,634
397,10302,10332,750,1993-05-08,1993-05-30 00:00:00,1993-06-01,3420285.0,Closed,281
398,10303,10333,757,1993-05-08,1993-05-30 00:00:00,1993-06-01,78220.81,Closed,576
399,10304,10334,170,1993-05-08,1993-05-30 00:00:00,1993-06-01,1538760.1,Closed,242
400,10305,10335,853,1993-05-08,1993-05-30 00:00:00,1993-06-01,7440599.58,Closed,579
401,10306,10336,831,1993-05-08,1993-05-30 00:00:00,1993-06-01,231749.28,Closed,318
402,10307,10337,433,1993-05-08,1993-05-30 00:00:00,1993-06-01,94476.27,Closed,977
403,10308,10338,629,1993-05-08,1993-05-30 00:00:00,1993-06-01,3824508.7,Closed,742
404,10309,10339,910,1993-05-08,1993-05-30 00:00:00,1993-06-01,253780.8,Closed,318
405,10310,10340,212,1993-05-08,1993-05-30 00:00:00,1993-06-01,1099599.48,Closed,108
406,10311,10341,302,1993-05-08,1993-05-30 00:00:00,1993-06-01,2197992.2399999998,Closed,160
407,10312,10342,292,1993-05-08,1993-05-30 00:00:00,1993-06-01,2575495.48,Closed,772
408,10313,10343,976,1993-05-08,1993-05-30 00:00:00,1993-06-01,76616.0,Closed,270
409,10314,10344,469,1993-05-08,1993-05-30 00:00:00,1993-06-01,269459.26,Closed,358
410,10315,10345,265,1993-05-08,1993-05-30 00:00:00,1993-06-01,112696.54999999999,Closed,976
411,10316,10346,828,1993-05-08,1993-05-30 00:00:00,1993-06-01,7222528.08,Closed,579
412,10317,10347,369,1993-05-08,1993-05-30 00:00:00,1993-06-01,6239.79,Closed,728
413,10318,10348,813,1993-05-08,1993-05-30 00:00:00,1993-06-01,3980618.73,Closed,740
414,10319,10349,21,1993-05-08,1993-05-30 00:00:00,1993-06-01,80592.12,Closed,945
415,10320,10350,822,1993-05-08,1993-05-30 00:00:00,1993-06-01,7072019.46,Closed,616
416,10321,10351,417,1993-05-08,1993-05-30 00:00:00,1993-06-01,1089687.72,Closed,952
417,10322,10352,380,1993-05-08,1993-05-30 00:00:00,1993-06-01,176654.4,Closed,534
418,10323,10353,122,1993-05-08,1993-05-30 00:00:00,1993-06-01,660.02,Closed,634
419,10324,10354,650,1993-05-08,1993-05-30 00:00:00,1993-06-01,373451.0,Closed,358
420,10325,10355,637,1993-05-08,1993-05-30 00:00:00,1993-06-01,5765824.61,Closed,242
421,10326,10356,239,1993-05-08,1993-05-30 00:00:00,1993-06-01,1292.99,Closed,634
422,10327,10357,876,1993-05-08,1993-05-30 00:00:00,1993-06-01,4722892.680000001,Closed,545
423,10328,10358,66,1993-05-08,1993-05-30 00:00:00,1993-06-01,221.76,Closed,177
424,10329,10359,904,1993-05-08,1993-05-30 00:00:00,1993-06-01,557695.6799999999,Closed,831
425,10330,10360,365,1993-05-08,1993-05-30 00:00:00,1993-06-01,953803.3999999999,Closed,952
426,10331,10361,493,1993-05-08,1993-05-30 00:00:00,1993-06-01,1049705.46,Closed,149
427,10332,10362,458,1993-05-08,1993-05-30 00:00:00,1993-06-01,15833.06,Closed,551
428,10333,10363,353,1993-05-08,1993-05-30 00:00:00,1993-06-01,55569.259999999995,Closed,783
429,10334,10364,862,1993-05-08,1993-05-30 00:00:00,1993-06-01,4220533.0200000005,Closed,740
430,10335,10365,677,1993-05-08,1993-05-30 00:00:00,1993-06-01,456460.48,Closed,858
431,10336,10366,206,1993-05-08,1993-05-30 00:00:00,1993-06-01,1528.52,Closed,930
432,10337,10367,480,1993-05-08,1993-05-30 00:00:00,1993-06-01,609.6,Closed,812
433,10338,10368,735,1993-05-08,1993-05-30 00:00:00,1993-06-01,2785.65,Closed,472
434,10339,10369,102,1993-05-08,1993-05-30 00:00:00,1993-06-01,623.22,Closed,343
435,10340,10370,474,1993-05-08,1993-05-30 00:00:00,1993-06-01,268397.76,Closed,933
436,10341,10371,278,1993-05-08,1993-05-30 00:00:00,1993-06-01,23310.3,Closed,856
437,10342,10372,44,1993-05-08,1993-05-30 00:00:00,1993-06-01,253.0,Closed,457
438,10343,10373,285,1993-05-08,1993-05-30 00:00:00,1993-06-01,38959.5,Closed,827
439,10344,10374,975,1993-05-08,1993-05-30 00:00:00,1993-06-01,453258.0,Closed,534
440,10345,10375,174,1993-05-08,1993-05-30 00:00:00,1993-06-01,1245138.78,Closed,446
441,10346,10376,736,1993-05-08,1993-05-30 00:00:00,1993-06-01,496240.64,Closed,858
442,10347,10377,227,1993-05-08,1993-05-30 00:00:00,1993-06-01,1035206.26,Closed,281
443,10348,10378,216,1993-05-08,1993-05-30 00:00:00,1993-06-01,459911.51999999996,Closed,149
444,10349,10379,791,1993-05-08,1993-05-30 00:00:00,1993-06-01,3361.75,Closed,173
445,10350,10380,665,1993-05-08,1993-05-30 00:00:00,1993-06-01,5200.3,Closed,804
446,10351,10381,803,1993-05-08,1993-05-30 00:00:00,1993-06-01,56780.13,Closed,897
447,10352,10382,4,1993-05-08,1993-05-30 00:00:00,1993-06-01,2269.92,Closed,103
448,10353,10383,171,1993-05-08,1993-05-30 00:00:00,1993-06-01,26918.819999999996,Closed,783
449,10354,10384,793,1993-05-08,1993-05-30 00:00:00,1993-06-01,68459.69,Closed,473
450,10355,10385,822,1993-05-08,1993-05-30 00:00:00,1993-06-01,8098220.7,Closed,781
451,10356,10386,813,1993-05-08,1993-05-30 00:00:00,1993-06-01,1630772.3099999998,Closed,773
452,10357,10387,185,1993-05-08,1993-05-30 00:00:00,1993-06-01,8720.9,Closed,549
453,10358,10388,194,1993-05-08,1993-05-30 00:00:00,1993-06-01,381817.22000000003,Closed,533
454,10359,10389,931,1993-05-08,1993-05-30 00:00:00,1993-06-01,259637.28,Closed,318
455,10360,10390,598,1993-05-08,1993-05-30 00:00:00,1993-06-01,368918.16,Closed,831
456,10361,10391,427,1993-05-08,1993-05-30 00:00:00,1993-06-01,58370.899999999994,Closed,827
457,10362,10392,889,1993-05-08,1993-05-30 00:00:00,1993-06-01,121526.29999999999,Closed,827
458,10363,10393,754,1993-05-08,1993-05-30 00:00:00,1993-06-01,4606.9400000000005,Closed,343
459,10364,10394,647,1993-05-08,1993-05-30 00:00:00,1993-06-01,5706662.930000001,Closed,772
460,10365,10395,672,1993-05-08,1993-05-30 00:00:00,1993-06-01,2795.52,Closed,254
461,10366,10396,573,1993-05-08,1993-05-30 00:00:00,1993-06-01,159798.24,Closed,318
462,10367,10397,832,1993-05-08,1993-05-30 00:00:00,1993-06-01,2795.52,Closed,177
463,10368,10398,386,1993-05-08,1993-05-30 00:00:00,1993-06-01,3165887.08,Closed,786
464,10369,10399,543,1993-05-08,1993-05-30 00:00:00,1993-06-01,689.61,Closed,812
465,10370,10400,542,1993-05-08,1993-05-30 00:00:00,1993-06-01,74091.4,Closed,827
466,10371,10401,182,1993-05-08,1993-05-30 00:00:00,1993-06-01,1573526.5,Closed,320
467,10372,10402,811,1993-05-08,1993-05-30 00:00:00,1993-06-01,4325492.83,Closed,363
468,10373,10403,259,1993-05-08,1993-05-30 00:00:00,1993-06-01,2551629.15,Closed,781
469,10374,10404,505,1993-05-08,1993-05-30 00:00:00,1993-06-01,1024730.8500000001,Closed,679
470,10375,10405,281,1993-05-08,1993-05-30 00:00:00,1993-06-01,3827.22,Closed,801
471,10376,10406,756,1993-05-08,1993-05-30 00:00:00,1993-06-01,6200545.680000001,Closed,786
472,10377,10407,177,1993-05-08,1993-05-30 00:00:00,1993-06-01,4463.94,Closed,901
473,10378,10408,934,1993-05-08,1993-05-30 00:00:00,1993-06-01,536620.36,Closed,358
474,10379,10409,630,1993-05-08,1993-05-30 00:00:00,1993-06-01,21779.1,Closed,551
475,10380,10410,300,1993-05-08,1993-05-30 00:00:00,1993-06-01,1617429.0,Closed,545
476,10381,10411,962,1993-05-08,1993-05-30 00:00:00,1993-06-01,9398.74,Closed,701
477,10382,10412,203,1993-05-08,1993-05-30 00:00:00,1993-06-01,1240.3300000000002,Closed,343
478,10383,10413,465,1993-05-08,1993-05-30 00:00:00,1993-06-01,1934.4,Closed,254
479,10384,10414,671,1993-05-08,1993-05-30 00:00:00,1993-06-01,23196.47,Closed,551
480,10385,10415,36,1993-05-08,1993-05-30 00:00:00,1993-06-01,307105.55999999994,Closed,835
481,10386,10416,531,1993-05-08,1993-05-30 00:00:00,1993-06-01,233995.77000000002,Closed,217
482,10387,10417,573,1993-05-08,1993-05-30 00:00:00,1993-06-01,2972030.67,Closed,108
483,10388,10418,553,1993-05-08,1993-05-30 00:00:00,1993-06-01,2283.89,Closed,661
484,10389,10419,842,1993-05-08,1993-05-30 00:00:00,1993-06-01,72866.68000000001,Closed,675
485,10390,10420,382,1993-05-08,1993-05-30 00:00:00,1993-06-01,2037408.46,Closed,363
486,10391,10421,279,1993-05-08,1993-05-30 00:00:00,1993-06-01,37028.88,Closed,195
487,10392,10422,153,1993-05-08,1993-05-30 00:00:00,1993-06-01,879.75,Closed,457
488,10393,10423,407,1993-05-08,1993-05-30 00:00:00,1993-06-01,1680.9099999999999,Closed,661
489,10394,10424,696,1993-05-08,1993-05-30 00:00:00,1993-06-01,6017442.0,Closed,320
490,10395,10425,43,1993-05-08,1993-05-30 00:00:00,1993-06-01,70855.83,Closed,238
491,10396,10426,436,1993-05-08,1993-05-30 00:00:00,1993-06-01,928339.9199999999,Closed,149
492,10397,10427,954,1993-05-08,1993-05-30 00:00:00,1993-06-01,32979.78,Closed,551
493,10398,10428,135,1993-05-08,1993-05-30 00:00:00,1993-06-01,1151645.8499999999,Closed,835
494,10399,10429,814,1993-05-08,1993-05-30 00:00:00,1993-06-01,4341493.42,Closed,363
495,10400,10430,646,1993-05-08,1993-05-30 00:00:00,1993-06-01,1064485.26,Closed,238
496,10401,10431,943,1993-05-08,1993-05-30 00:00:00,1993-06-01,8317439.170000001,Closed,772
497,10402,10432,483,1993-05-08,1993-05-30 00:00:00,1993-06-01,1028413.2599999999,Closed,149
498,10403,10433,483,1993-05-08,1993-05-30 00:00:00,1993-06-01,3733.59,Closed,582
499,10404,10434,980,1993-05-08,1993-05-30 00:00:00,1993-06-01,1538.6000000000001,Closed,553
500,10405,10435,273,1993-05-08,1993-05-30 00:00:00,1993-06-01,13275.990000000002,Closed,291
501,10406,10436,205,1993-05-08,1993-05-30 00:00:00,1993-06-01,4879.0,Closed,125
502,10407,10437,182,1993-05-08,1993-05-30 00:00:00,1993-06-01,1046.5,Closed,457
503,10408,10438,21,1993-05-08,1993-05-30 00:00:00,1993-06-01,164.22,Closed,804
504,10409,10439,185,1993-05-08,1993-05-30 00:00:00,1993-06-01,1517329.3,Closed,786
505,10410,10440,349,1993-05-08,1993-05-30 00:00:00,1993-06-01,2697.77,Closed,582
506,10411,10441,283,1993-05-08,1993-05-30 00:00:00,1993-06-01,2473054.9299999997,Closed,483
507,10412,10442,180,1993-05-08,1993-05-30 00:00:00,1993-06-01,1267354.8,Closed,990
508,10413,10443,48,1993-05-08,1993-05-30 00:00:00,1993-06-01,5154.72,Closed,316
509,10414,10444,720,1993-05-08,1993-05-30 00:00:00,1993-06-01,77320.8,Closed,316
510,10415,10445,873,1993-05-08,1993-05-30 00:00:00,1993-06-01,1771465.4100000001,Closed,679
511,10416,10446,569,1993-05-08,1993-05-30 00:00:00,1993-06-01,13542.2,Closed,125
512,10417,10447,453,1993-05-08,1993-05-30 00:00:00,1993-06-01,3501.69,Closed,582
513,10418,10448,151,1993-05-08,1993-05-30 00:00:00,1993-06-01,1319545.21,Closed,483
514,10419,10449,270,1993-05-08,1993-05-30 00:00:00,1993-06-01,2443913.1,Closed,242
515,10420,10450,869,1993-05-08,1993-05-30 00:00:00,1993-06-01,2919.8399999999997,Closed,177
516,10421,10451,161,1993-05-08,1993-05-30 00:00:00,1993-06-01,252.77,Closed,553
517,10422,10452,205,1993-05-08,1993-05-30 00:00:00,1993-06-01,415979.85000000003,Closed,679
518,10423,10453,536,1993-05-08,1993-05-30 00:00:00,1993-06-01,19714.08,Closed,338
519,10424,10454,353,1993-05-08,1993-05-30 00:00:00,1993-06-01,1213906.99,Closed,731
520,10425,10455,918,1993-05-08,1993-05-30 00:00:00,1993-06-01,9043998.3,Closed,781
521,10426,10456,165,1993-05-08,1993-05-30 00:00:00,1993-06-01,271888.64999999997,Closed,238
522,10427,10457,130,1993-05-08,1993-05-30 00:00:00,1993-06-01,1133971.8,Closed,579
523,10428,10458,492,1993-05-08,1993-05-30 00:00:00,1993-06-01,2031.96,Closed,661
524,10429,10459,192,1993-05-08,1993-05-30 00:00:00,1993-06-01,8444.16,Closed,140
525,10430,10460,754,1993-05-08,1993-05-30 00:00:00,1993-06-01,1512425.98,Closed,773
526,10431,10461,101,1993-05-08,1993-05-30 00:00:00,1993-06-01,828379.78,Closed,786
527,10432,10462,87,1993-05-08,1993-05-30 00:00:00,1993-06-01,13695.539999999999,Closed,783
528,10433,10463,88,1993-05-08,1993-05-30 00:00:00,1993-06-01,12029.599999999999,Closed,827
529,10434,10464,738,1993-05-08,1993-05-30 00:00:00,1993-06-01,2899063.26,Closed,166
530,10435,10465,940,1993-05-08,1993-05-30 00:00:00,1993-06-01,76121.2,Closed,225
531,10436,10466,707,1993-05-08,1993-05-30 00:00:00,1993-06-01,5465.110000000001,Closed,582
532,10437,10467,512,1993-05-08,1993-05-30 00:00:00,1993-06-01,24135.68,Closed,549
533,10438,10468,865,1993-05-08,1993-05-30 00:00:00,1993-06-01,7829573.45,Closed,242
534,10439,10469,778,1993-05-08,1993-05-30 00:00:00,1993-06-01,13155.98,Closed,728
535,10440,10470,802,1993-05-08,1993-05-30 00:00:00,1993-06-01,3926760.42,Closed,740
536,10441,10471,820,1993-05-08,1993-05-30 00:00:00,1993-06-01,7165742.199999999,Closed,483
537,10442,10472,210,1993-05-08,1993-05-30 00:00:00,1993-06-01,1642.2,Closed,804
538,10443,10473,623,1993-05-08,1993-05-30 00:00:00,1993-06-01,353540.04000000004,Closed,103
539,10444,10474,904,1993-05-08,1993-05-30 00:00:00,1993-06-01,3760.6400000000003,Closed,254
540,10445,10475,251,1993-05-08,1993-05-30 00:00:00,1993-06-01,1353248.9300000002,Closed,545
541,10446,10476,275,1993-05-08,1993-05-30 00:00:00,1993-06-01,539.0,Closed,571
542,10447,10477,572,1993-05-08,1993-05-30 00:00:00,1993-06-01,1147357.64,Closed,773
543,10448,10478,583,1993-05-08,1993-05-30 00:00:00,1993-06-01,256910.61000000002,Closed,217
544,10449,10479,667,1993-05-08,1993-05-30 00:00:00,1993-06-01,52359.5,Closed,270
545,10450,10480,933,1993-05-08,1993-05-30 00:00:00,1993-06-01,8229237.2700000005,Closed,772
546,10451,10481,1,1993-05-08,1993-05-30 00:00:00,1993-06-01,464.88,Closed,534
547,10452,10482,373,1993-05-08,1993-05-30 00:00:00,1993-06-01,38542.09,Closed,576
